lag_window,MSE,Accuracy_within_2.0,Extreme_MSE
7,50.82158105499559,38.52528686782831,64.85908905365241
