week_t-7,is_weekend_t-7,is_holiday_t-7,season_t-7,unlock_duration_hr_10_t-7,unlock_num_hr_10_t-7,week_t-6,is_weekend_t-6,is_holiday_t-6,season_t-6,unlock_duration_hr_10_t-6,unlock_num_hr_10_t-6,week_t-5,is_weekend_t-5,is_holiday_t-5,season_t-5,unlock_duration_hr_10_t-5,unlock_num_hr_10_t-5,week_t-4,is_weekend_t-4,is_holiday_t-4,season_t-4,unlock_duration_hr_10_t-4,unlock_num_hr_10_t-4,week_t-3,is_weekend_t-3,is_holiday_t-3,season_t-3,unlock_duration_hr_10_t-3,unlock_num_hr_10_t-3,week_t-2,is_weekend_t-2,is_holiday_t-2,season_t-2,unlock_duration_hr_10_t-2,unlock_num_hr_10_t-2,week_t-1,is_weekend_t-1,is_holiday_t-1,season_t-1,unlock_duration_hr_10_t-1,unlock_num_hr_10_t-1,week_t-0,is_weekend_t-0,is_holiday_t-0,season_t-0,unlock_duration_hr_10_t-0,unlock_num_hr_10_t-0,week_mean,is_weekend_mean,is_holiday_mean,season_mean,unlock_duration_hr_10_mean,unlock_num_hr_10_mean,week_std,is_weekend_std,is_holiday_std,season_std,unlock_duration_hr_10_std,unlock_num_hr_10_std,week_skew,is_weekend_skew,is_holiday_skew,season_skew,unlock_duration_hr_10_skew,unlock_num_hr_10_skew,target
3.0,0.0,0.0,3.0,0.0,0.0,4.0,0.0,0.0,3.0,397.87,3.0,5.0,0.0,0.0,3.0,810.61,4.0,6.0,1.0,0.0,3.0,0.0,0.0,7.0,1.0,0.0,3.0,0.0,0.0,1.0,0.0,0.0,3.0,1034.302,5.0,2.0,0.0,0.0,3.0,439.56,4.0,3.0,0.0,0.0,3.0,1839.073,3.0,3.875,0.25,0.0,3.0,565.1768750000001,2.375,2.03100960115899,0.4629100498862757,0.0,0.0,644.2241212558246,2.065879266282796,0.2238027108715141,1.4401645996461911,0.0,0.0,1.1662583400281148,-0.2815217557246071,9.0
6.0,1.0,0.0,4.0,968.43,3.0,7.0,1.0,0.0,4.0,0.0,0.0,1.0,0.0,0.0,4.0,,,2.0,0.0,0.0,4.0,,,3.0,0.0,0.0,4.0,0.0,0.0,4.0,0.0,0.0,4.0,0.0,0.0,5.0,0.0,0.0,4.0,14.236,1.0,6.0,1.0,0.0,4.0,0.0,0.0,4.25,0.375,0.0,4.0,163.77766666666665,0.6666666666666666,2.1213203435596424,0.5175491695067657,0.0,0.0,394.23865462517324,1.2110601416389968,-0.31426968052735443,0.6440611887195306,0.0,0.0,2.4483467676452713,1.9517084927240036,0.0
6.0,1.0,0.0,4.0,27.333,1.0,7.0,1.0,0.0,4.0,743.595,1.0,1.0,0.0,0.0,4.0,48.332,2.0,2.0,0.0,0.0,4.0,943.323,2.0,3.0,0.0,0.0,4.0,2138.266,3.0,4.0,0.0,0.0,4.0,0.1,2.0,5.0,0.0,0.0,4.0,0.0,0.0,6.0,1.0,0.0,4.0,0.0,0.0,4.25,0.375,0.0,4.0,487.618625,1.375,2.1213203435596424,0.5175491695067657,0.0,0.0,766.8004946946645,1.0606601717798212,-0.31426968052735443,0.6440611887195306,0.0,0.0,1.7231525545023545,-0.04489566864676492,2.0
