lag_window,MSE,Accuracy_within_2.0,Extreme_MSE
7,51.094396242667976,38.238573021181715,64.3522420350024
