week_t-7,is_weekend_t-7,is_holiday_t-7,season_t-7,unlock_duration_sum_10_17_t-7,unlock_num_sum_10_17_t-7,week_t-6,is_weekend_t-6,is_holiday_t-6,season_t-6,unlock_duration_sum_10_17_t-6,unlock_num_sum_10_17_t-6,week_t-5,is_weekend_t-5,is_holiday_t-5,season_t-5,unlock_duration_sum_10_17_t-5,unlock_num_sum_10_17_t-5,week_t-4,is_weekend_t-4,is_holiday_t-4,season_t-4,unlock_duration_sum_10_17_t-4,unlock_num_sum_10_17_t-4,week_t-3,is_weekend_t-3,is_holiday_t-3,season_t-3,unlock_duration_sum_10_17_t-3,unlock_num_sum_10_17_t-3,week_t-2,is_weekend_t-2,is_holiday_t-2,season_t-2,unlock_duration_sum_10_17_t-2,unlock_num_sum_10_17_t-2,week_t-1,is_weekend_t-1,is_holiday_t-1,season_t-1,unlock_duration_sum_10_17_t-1,unlock_num_sum_10_17_t-1,week_t-0,is_weekend_t-0,is_holiday_t-0,season_t-0,unlock_duration_sum_10_17_t-0,unlock_num_sum_10_17_t-0,week_mean,is_weekend_mean,is_holiday_mean,season_mean,unlock_duration_sum_10_17_mean,unlock_num_sum_10_17_mean,week_std,is_weekend_std,is_holiday_std,season_std,unlock_duration_sum_10_17_std,unlock_num_sum_10_17_std,week_skew,is_weekend_skew,is_holiday_skew,season_skew,unlock_duration_sum_10_17_skew,unlock_num_sum_10_17_skew,target
3.0,0.0,0.0,2.0,0.0,0.0,4.0,0.0,0.0,2.0,0.0,0.0,5.0,0.0,0.0,3.0,0.0,0.0,6.0,1.0,0.0,3.0,0.0,0.0,7.0,1.0,0.0,3.0,0.0,0.0,1.0,0.0,0.0,3.0,0.0,0.0,2.0,0.0,0.0,3.0,0.0,0.0,3.0,0.0,0.0,3.0,0.0,0.0,3.875,0.25,0.0,2.75,0.0,0.0,2.03100960115899,0.4629100498862757,0.0,0.4629100498862757,0.0,0.0,0.2238027108715141,1.4401645996461911,0.0,-1.4401645996461911,0.0,0.0,-5.0
5.0,0.0,0.0,3.0,1526.275,21.0,6.0,1.0,0.0,3.0,12127.263,50.0,7.0,1.0,0.0,3.0,6227.114,53.0,1.0,0.0,0.0,3.0,2938.34,30.0,2.0,0.0,0.0,3.0,5448.091,50.0,3.0,0.0,0.0,3.0,6202.384,35.0,4.0,0.0,0.0,3.0,10163.818,29.0,5.0,0.0,0.0,3.0,4454.008,44.0,4.125,0.25,0.0,3.0,6135.911625,39.0,2.03100960115899,0.4629100498862757,0.0,0.0,3523.5568199078507,11.856282240712245,-0.2238027108715141,1.4401645996461911,0.0,0.0,0.6299993415961074,-0.23931602810876473,-3.0
3.0,0.0,0.0,3.0,4949.773999999999,37.0,4.0,0.0,0.0,3.0,8960.46,45.0,5.0,0.0,0.0,3.0,7633.053,32.0,6.0,1.0,0.0,3.0,7874.42,36.0,7.0,1.0,0.0,3.0,5407.316000000001,36.0,1.0,0.0,0.0,3.0,5816.8550000000005,39.0,2.0,0.0,0.0,3.0,6517.531,59.0,3.0,0.0,0.0,3.0,6915.159,51.0,3.875,0.25,0.0,3.0,6759.321,41.875,2.03100960115899,0.4629100498862757,0.0,0.0,1358.8458441780656,9.140764269390795,0.2238027108715141,1.4401645996461911,0.0,0.0,0.26372971906639486,1.0734952240956483,9.0
