week_t-7,is_weekend_t-7,is_holiday_t-7,season_t-7,unlock_duration_hr_17_t-7,unlock_num_hr_17_t-7,week_t-6,is_weekend_t-6,is_holiday_t-6,season_t-6,unlock_duration_hr_17_t-6,unlock_num_hr_17_t-6,week_t-5,is_weekend_t-5,is_holiday_t-5,season_t-5,unlock_duration_hr_17_t-5,unlock_num_hr_17_t-5,week_t-4,is_weekend_t-4,is_holiday_t-4,season_t-4,unlock_duration_hr_17_t-4,unlock_num_hr_17_t-4,week_t-3,is_weekend_t-3,is_holiday_t-3,season_t-3,unlock_duration_hr_17_t-3,unlock_num_hr_17_t-3,week_t-2,is_weekend_t-2,is_holiday_t-2,season_t-2,unlock_duration_hr_17_t-2,unlock_num_hr_17_t-2,week_t-1,is_weekend_t-1,is_holiday_t-1,season_t-1,unlock_duration_hr_17_t-1,unlock_num_hr_17_t-1,week_t-0,is_weekend_t-0,is_holiday_t-0,season_t-0,unlock_duration_hr_17_t-0,unlock_num_hr_17_t-0,week_mean,is_weekend_mean,is_holiday_mean,season_mean,unlock_duration_hr_17_mean,unlock_num_hr_17_mean,week_std,is_weekend_std,is_holiday_std,season_std,unlock_duration_hr_17_std,unlock_num_hr_17_std,week_skew,is_weekend_skew,is_holiday_skew,season_skew,unlock_duration_hr_17_skew,unlock_num_hr_17_skew,target
5.0,0.0,1.0,4.0,185.6,4.0,6.0,1.0,1.0,4.0,505.155,3.0,7.0,1.0,1.0,4.0,0.0,0.0,1.0,0.0,1.0,4.0,1928.873,6.0,2.0,0.0,1.0,4.0,0.0,0.0,3.0,0.0,1.0,4.0,4.023,1.0,4.0,0.0,1.0,4.0,535.493,10.0,5.0,0.0,1.0,4.0,789.537,4.0,4.125,0.25,1.0,4.0,493.58512500000006,3.5,2.03100960115899,0.4629100498862757,0.0,0.0,651.5155289379278,3.3806170189140663,-0.2238027108715141,1.4401645996461911,0.0,0.0,1.7878184093169736,0.9317825658381895,-7.0
3.0,0.0,0.0,4.0,1327.852,9.0,4.0,0.0,0.0,4.0,135.965,2.0,5.0,0.0,0.0,4.0,373.06,7.0,6.0,1.0,0.0,4.0,743.107,5.0,7.0,1.0,0.0,4.0,2121.342,11.0,1.0,0.0,0.0,4.0,658.438,2.0,2.0,0.0,0.0,4.0,656.534,11.0,3.0,0.0,0.0,4.0,672.221,4.0,3.875,0.25,0.0,4.0,836.064875,6.375,2.03100960115899,0.4629100498862757,0.0,0.0,620.7799054775344,3.7008686239082538,0.2238027108715141,1.4401645996461911,0.0,0.0,1.4197565547244388,0.12294939457590218,8.0
2.0,0.0,1.0,1.0,475.765,4.0,3.0,0.0,1.0,1.0,450.289,4.0,4.0,0.0,1.0,1.0,886.778,4.0,5.0,0.0,0.0,1.0,1454.714,6.0,6.0,1.0,0.0,1.0,634.879,5.0,7.0,1.0,0.0,1.0,474.24,5.0,1.0,0.0,0.0,1.0,118.638,1.0,2.0,0.0,0.0,1.0,1042.732,7.0,3.75,0.25,0.375,1.0,692.254375,4.5,2.1213203435596424,0.4629100498862757,0.5175491695067657,0.0,418.72110139632747,1.7728105208558367,0.31426968052735443,1.4401645996461911,0.6440611887195306,0.0,0.7006884043200365,-0.8204742906440237,-3.0
