week_t-7,is_weekend_t-7,is_holiday_t-7,season_t-7,unlock_duration_hr_17_t-7,unlock_num_hr_17_t-7,week_t-6,is_weekend_t-6,is_holiday_t-6,season_t-6,unlock_duration_hr_17_t-6,unlock_num_hr_17_t-6,week_t-5,is_weekend_t-5,is_holiday_t-5,season_t-5,unlock_duration_hr_17_t-5,unlock_num_hr_17_t-5,week_t-4,is_weekend_t-4,is_holiday_t-4,season_t-4,unlock_duration_hr_17_t-4,unlock_num_hr_17_t-4,week_t-3,is_weekend_t-3,is_holiday_t-3,season_t-3,unlock_duration_hr_17_t-3,unlock_num_hr_17_t-3,week_t-2,is_weekend_t-2,is_holiday_t-2,season_t-2,unlock_duration_hr_17_t-2,unlock_num_hr_17_t-2,week_t-1,is_weekend_t-1,is_holiday_t-1,season_t-1,unlock_duration_hr_17_t-1,unlock_num_hr_17_t-1,week_t-0,is_weekend_t-0,is_holiday_t-0,season_t-0,unlock_duration_hr_17_t-0,unlock_num_hr_17_t-0,week_mean,is_weekend_mean,is_holiday_mean,season_mean,unlock_duration_hr_17_mean,unlock_num_hr_17_mean,week_std,is_weekend_std,is_holiday_std,season_std,unlock_duration_hr_17_std,unlock_num_hr_17_std,week_skew,is_weekend_skew,is_holiday_skew,season_skew,unlock_duration_hr_17_skew,unlock_num_hr_17_skew,target
6.0,1.0,0.0,4.0,1236.423,18.0,7.0,1.0,0.0,4.0,965.269,10.0,1.0,0.0,0.0,4.0,257.937,11.0,2.0,0.0,0.0,4.0,363.092,6.0,3.0,0.0,0.0,4.0,1101.089,11.0,4.0,0.0,0.0,4.0,240.39,6.0,5.0,0.0,0.0,4.0,248.684,5.0,6.0,1.0,0.0,4.0,236.306,8.0,4.25,0.375,0.0,4.0,581.14875,9.375,2.1213203435596424,0.5175491695067657,0.0,0.0,438.31674982230106,4.2067123233504535,-0.31426968052735443,0.6440611887195306,0.0,0.0,0.7173530318603308,1.2466261956898965,5.0
1.0,0.0,0.0,3.0,480.101,4.0,2.0,0.0,0.0,3.0,687.231,5.0,3.0,0.0,0.0,3.0,1492.659,10.0,4.0,0.0,0.0,3.0,203.633,5.0,5.0,0.0,0.0,3.0,366.479,6.0,6.0,1.0,0.0,3.0,1558.997,12.0,7.0,1.0,0.0,3.0,295.514,3.0,1.0,0.0,0.0,3.0,0.1,2.0,3.625,0.25,0.0,3.0,635.58925,5.875,2.2638462845343543,0.4629100498862757,0.0,0.0,584.6364177178228,3.440826312717007,0.22624995586066124,1.4401645996461911,0.0,0.0,0.9696612950331912,0.9823484798535235,-8.0
4.0,0.0,0.0,3.0,2530.69,12.0,5.0,0.0,0.0,3.0,16.915,2.0,6.0,1.0,0.0,3.0,1308.753,8.0,7.0,1.0,0.0,3.0,540.9,11.0,1.0,0.0,0.0,3.0,583.611,6.0,2.0,0.0,0.0,3.0,162.83,3.0,3.0,0.0,0.0,3.0,1171.59,6.0,4.0,0.0,0.0,3.0,335.94,6.0,4.0,0.25,0.0,3.0,831.4036249999999,6.75,2.0,0.4629100498862757,0.0,0.0,822.2637339295078,3.494894235064305,0.0,1.4401645996461911,0.0,0.0,1.3891091975391565,0.2777652680239884,-6.0
