lag_window,MSE,Accuracy_within_2.0,Extreme_MSE
7,50.73777151183774,38.23451209784632,64.59212609516553
