lag_window,MSE,Accuracy_within_2.0,Extreme_MSE
7,5.6552215973744415,76.67799490229396,1.149911425459672
