lag_window,MSE,Accuracy_within_2.0,Extreme_MSE
7,22.08966436413072,63.3659158521037,21.59393878929951
